cond_id,T_degC,T_K,SOC_store,SOC_pct,t_h,Q_Ah,source_col
TP_0C_50SOC,0,273.15,0.5,50,0,3.00315379838508,"TP_0°C,50%SOC"
TP_0C_50SOC,0,273.15,0.5,50,160.33,2.99843337747104,"TP_0°C,50%SOC"
TP_0C_50SOC,0,273.15,0.5,50,276.98,2.99791915984479,"TP_0°C,50%SOC"
TP_0C_50SOC,0,273.15,0.5,50,408.99,2.99558409556572,"TP_0°C,50%SOC"
TP_0C_50SOC,0,273.15,0.5,50,708.11,2.99302360604556,"TP_0°C,50%SOC"
TP_0C_50SOC,0,273.15,0.5,50,1009.1,2.98942405264463,"TP_0°C,50%SOC"
TP_0C_50SOC,0,273.15,0.5,50,1285.6,2.98652927377801,"TP_0°C,50%SOC"
TP_0C_50SOC,0,273.15,0.5,50,1945,2.9840553936869,"TP_0°C,50%SOC"
TP_0C_50SOC,0,273.15,0.5,50,2579.2,2.98162262399036,"TP_0°C,50%SOC"
TP_0C_50SOC,0,273.15,0.5,50,3286.7,2.97945910701932,"TP_0°C,50%SOC"
TP_0C_50SOC,0,273.15,0.5,50,3872.7,2.97723338949598,"TP_0°C,50%SOC"
TP_0C_50SOC,0,273.15,0.5,50,4483,2.9745857897287,"TP_0°C,50%SOC"
TP_0C_50SOC,0,273.15,0.5,50,5118.6,2.97279959692411,"TP_0°C,50%SOC"
TP_0C_50SOC,0,273.15,0.5,50,5753.1,2.97039469081612,"TP_0°C,50%SOC"
TP_0C_50SOC,0,273.15,0.5,50,6388.1,2.96768680521628,"TP_0°C,50%SOC"
TP_0C_50SOC,0,273.15,0.5,50,7026.7,2.96668499794046,"TP_0°C,50%SOC"
TP_0C_50SOC,0,273.15,0.5,50,7663.4,2.96500105659552,"TP_0°C,50%SOC"
TP_0C_50SOC,0,273.15,0.5,50,8300.1,2.96380112341537,"TP_0°C,50%SOC"
TP_0C_50SOC,0,273.15,0.5,50,9031.6,2.95698458679776,"TP_0°C,50%SOC"
TP_0C_50SOC,0,273.15,0.5,50,9665.8,2.95779563543141,"TP_0°C,50%SOC"
TP_0C_50SOC,0,273.15,0.5,50,10302,2.95674529630389,"TP_0°C,50%SOC"
TP_0C_50SOC,0,273.15,0.5,50,10939,2.95472741524477,"TP_0°C,50%SOC"
TP_0C_50SOC,0,273.15,0.5,50,11575,2.95346787385952,"TP_0°C,50%SOC"
TP_0C_50SOC,0,273.15,0.5,50,12211,2.95173609387575,"TP_0°C,50%SOC"
TP_0C_50SOC,0,273.15,0.5,50,12844,2.94995873451384,"TP_0°C,50%SOC"
TP_0C_50SOC,0,273.15,0.5,50,13481,2.94888420871833,"TP_0°C,50%SOC"
TP_0C_50SOC,0,273.15,0.5,50,14119,2.94778239293184,"TP_0°C,50%SOC"
TP_0C_50SOC,0,273.15,0.5,50,14695,2.94440109599324,"TP_0°C,50%SOC"
TP_0C_50SOC,0,273.15,0.5,50,15148,2.9405286775678,"TP_0°C,50%SOC"
TP_0C_50SOC,0,273.15,0.5,50,15811,2.941135586509,"TP_0°C,50%SOC"
TP_0C_50SOC,0,273.15,0.5,50,17001,2.93987122769142,"TP_0°C,50%SOC"
TP_0C_50SOC,0,273.15,0.5,50,18239,2.93764375519728,"TP_0°C,50%SOC"
TP_0C_50SOC,0,273.15,0.5,50,19190,2.93643606940798,"TP_0°C,50%SOC"
TP_0C_50SOC,0,273.15,0.5,50,20163,2.92422758951522,"TP_0°C,50%SOC"
TP_0C_50SOC,0,273.15,0.5,50,21241,2.920124538008,"TP_0°C,50%SOC"
TP_10C_50SOC,10,283.15,0.5,50,0,2.99514302303745,"TP_10°C,50%SOC"
TP_10C_50SOC,10,283.15,0.5,50,160.33,2.98693362811535,"TP_10°C,50%SOC"
TP_10C_50SOC,10,283.15,0.5,50,276.98,2.98495406852711,"TP_10°C,50%SOC"
TP_10C_50SOC,10,283.15,0.5,50,408.99,2.98298325362221,"TP_10°C,50%SOC"
TP_10C_50SOC,10,283.15,0.5,50,708.11,2.97919454964705,"TP_10°C,50%SOC"
TP_10C_50SOC,10,283.15,0.5,50,1009.1,2.97622507921279,"TP_10°C,50%SOC"
TP_10C_50SOC,10,283.15,0.5,50,1285.6,2.97329339620611,"TP_10°C,50%SOC"
TP_10C_50SOC,10,283.15,0.5,50,1945,2.96934274110786,"TP_10°C,50%SOC"
TP_10C_50SOC,10,283.15,0.5,50,2579.2,2.96521149638089,"TP_10°C,50%SOC"
TP_10C_50SOC,10,283.15,0.5,50,3286.7,2.96279303729644,"TP_10°C,50%SOC"
TP_10C_50SOC,10,283.15,0.5,50,3872.7,2.95961372858907,"TP_10°C,50%SOC"
TP_10C_50SOC,10,283.15,0.5,50,4483,2.95630505321135,"TP_10°C,50%SOC"
TP_10C_50SOC,10,283.15,0.5,50,5118.6,2.95384937812907,"TP_10°C,50%SOC"
TP_10C_50SOC,10,283.15,0.5,50,5753.1,2.95111775940241,"TP_10°C,50%SOC"
TP_10C_50SOC,10,283.15,0.5,50,6388.1,2.94707009146304,"TP_10°C,50%SOC"
TP_10C_50SOC,10,283.15,0.5,50,7026.7,2.94619285930769,"TP_10°C,50%SOC"
TP_10C_50SOC,10,283.15,0.5,50,7663.4,2.9441096486201,"TP_10°C,50%SOC"
TP_10C_50SOC,10,283.15,0.5,50,8300.1,2.943116692683,"TP_10°C,50%SOC"
TP_10C_50SOC,10,283.15,0.5,50,9031.6,2.93690629528863,"TP_10°C,50%SOC"
TP_10C_50SOC,10,283.15,0.5,50,9665.8,2.93631175475028,"TP_10°C,50%SOC"
TP_10C_50SOC,10,283.15,0.5,50,10302,2.93474024842446,"TP_10°C,50%SOC"
TP_10C_50SOC,10,283.15,0.5,50,10939,2.93326683130805,"TP_10°C,50%SOC"
TP_10C_50SOC,10,283.15,0.5,50,11575,2.93139222176062,"TP_10°C,50%SOC"
TP_10C_50SOC,10,283.15,0.5,50,12211,2.92987069908431,"TP_10°C,50%SOC"
TP_10C_50SOC,10,283.15,0.5,50,12844,2.92785132351599,"TP_10°C,50%SOC"
TP_10C_50SOC,10,283.15,0.5,50,13481,2.92630124080085,"TP_10°C,50%SOC"
TP_10C_50SOC,10,283.15,0.5,50,14119,2.92440687958176,"TP_10°C,50%SOC"
TP_10C_50SOC,10,283.15,0.5,50,14695,2.92175347081323,"TP_10°C,50%SOC"
TP_10C_50SOC,10,283.15,0.5,50,15148,2.91780637447082,"TP_10°C,50%SOC"
TP_10C_50SOC,10,283.15,0.5,50,15811,2.91764156717528,"TP_10°C,50%SOC"
TP_10C_50SOC,10,283.15,0.5,50,17001,2.91567059126644,"TP_10°C,50%SOC"
TP_10C_50SOC,10,283.15,0.5,50,18239,2.91373336272097,"TP_10°C,50%SOC"
TP_10C_50SOC,10,283.15,0.5,50,19190,2.91170576879573,"TP_10°C,50%SOC"
TP_10C_50SOC,10,283.15,0.5,50,20163,2.90918939187331,"TP_10°C,50%SOC"
TP_10C_50SOC,10,283.15,0.5,50,21241,2.90412804555256,"TP_10°C,50%SOC"
TP_25C_0SOC,25,298.15,0,0,0,2.99596759106016,"TP_25°C,0%SOC"
TP_25C_0SOC,25,298.15,0,0,160.33,3.00197966101078,"TP_25°C,0%SOC"
TP_25C_0SOC,25,298.15,0,0,276.98,2.99888671442787,"TP_25°C,0%SOC"
TP_25C_0SOC,25,298.15,0,0,408.99,2.99718761448185,"TP_25°C,0%SOC"
TP_25C_0SOC,25,298.15,0,0,708.11,2.99587702252932,"TP_25°C,0%SOC"
TP_25C_0SOC,25,298.15,0,0,1009.1,2.99258445219199,"TP_25°C,0%SOC"
TP_25C_0SOC,25,298.15,0,0,1285.6,2.98975630372229,"TP_25°C,0%SOC"
TP_25C_0SOC,25,298.15,0,0,1945,2.98634665841445,"TP_25°C,0%SOC"
TP_25C_0SOC,25,298.15,0,0,2579.2,2.98372051087346,"TP_25°C,0%SOC"
TP_25C_0SOC,25,298.15,0,0,3286.7,2.9813581772835,"TP_25°C,0%SOC"
TP_25C_0SOC,25,298.15,0,0,3872.7,2.97884074853484,"TP_25°C,0%SOC"
TP_25C_0SOC,25,298.15,0,0,4483,2.97628191902321,"TP_25°C,0%SOC"
TP_25C_0SOC,25,298.15,0,0,5118.6,2.97465948771311,"TP_25°C,0%SOC"
TP_25C_0SOC,25,298.15,0,0,5753.1,2.97273242259977,"TP_25°C,0%SOC"
TP_25C_0SOC,25,298.15,0,0,6388.1,2.97420827575053,"TP_25°C,0%SOC"
TP_25C_0SOC,25,298.15,0,0,7026.7,2.96915371899428,"TP_25°C,0%SOC"
TP_25C_0SOC,25,298.15,0,0,7663.4,2.96716279236208,"TP_25°C,0%SOC"
TP_25C_0SOC,25,298.15,0,0,8300.1,2.96591064045195,"TP_25°C,0%SOC"
TP_25C_0SOC,25,298.15,0,0,9031.6,2.9607811096136,"TP_25°C,0%SOC"
TP_25C_0SOC,25,298.15,0,0,9665.8,2.96012435615525,"TP_25°C,0%SOC"
TP_25C_0SOC,25,298.15,0,0,10302,2.95836012928635,"TP_25°C,0%SOC"
TP_25C_0SOC,25,298.15,0,0,10939,2.9571845682343,"TP_25°C,0%SOC"
TP_25C_0SOC,25,298.15,0,0,11575,2.95570116737193,"TP_25°C,0%SOC"
TP_25C_0SOC,25,298.15,0,0,12211,2.95427538176763,"TP_25°C,0%SOC"
TP_25C_0SOC,25,298.15,0,0,12844,2.94909469420461,"TP_25°C,0%SOC"
TP_25C_0SOC,25,298.15,0,0,13481,2.95111811752761,"TP_25°C,0%SOC"
TP_25C_0SOC,25,298.15,0,0,14119,2.94975208570381,"TP_25°C,0%SOC"
TP_25C_0SOC,25,298.15,0,0,14695,2.94801419714693,"TP_25°C,0%SOC"
TP_25C_0SOC,25,298.15,0,0,15148,2.94384772129291,"TP_25°C,0%SOC"
TP_25C_0SOC,25,298.15,0,0,15811,2.94372717594288,"TP_25°C,0%SOC"
TP_25C_0SOC,25,298.15,0,0,17001,2.94228911368106,"TP_25°C,0%SOC"
TP_25C_0SOC,25,298.15,0,0,18239,2.94064573061647,"TP_25°C,0%SOC"
TP_25C_0SOC,25,298.15,0,0,19190,2.93902815468019,"TP_25°C,0%SOC"
TP_25C_0SOC,25,298.15,0,0,20163,2.93753353572979,"TP_25°C,0%SOC"
TP_25C_0SOC,25,298.15,0,0,21241,2.9322348687875,"TP_25°C,0%SOC"
TP_25C_50SOC,25,298.15,0.5,50,0,2.99311602073196,"TP_25°C,50%SOC"
TP_25C_50SOC,25,298.15,0.5,50,160.33,2.98576569576823,"TP_25°C,50%SOC"
TP_25C_50SOC,25,298.15,0.5,50,276.98,2.98455331768978,"TP_25°C,50%SOC"
TP_25C_50SOC,25,298.15,0.5,50,408.99,2.98078147099219,"TP_25°C,50%SOC"
TP_25C_50SOC,25,298.15,0.5,50,708.11,2.97453973103945,"TP_25°C,50%SOC"
TP_25C_50SOC,25,298.15,0.5,50,1009.1,2.96376912979603,"TP_25°C,50%SOC"
TP_25C_50SOC,25,298.15,0.5,50,1285.6,2.9587201521966,"TP_25°C,50%SOC"
TP_25C_50SOC,25,298.15,0.5,50,1945,2.95279505260237,"TP_25°C,50%SOC"
TP_25C_50SOC,25,298.15,0.5,50,2579.2,2.94712823679469,"TP_25°C,50%SOC"
TP_25C_50SOC,25,298.15,0.5,50,3286.7,2.94190250252598,"TP_25°C,50%SOC"
TP_25C_50SOC,25,298.15,0.5,50,3872.7,2.93702092742419,"TP_25°C,50%SOC"
TP_25C_50SOC,25,298.15,0.5,50,4483,2.93261861901375,"TP_25°C,50%SOC"
TP_25C_50SOC,25,298.15,0.5,50,5118.6,2.92901314245862,"TP_25°C,50%SOC"
TP_25C_50SOC,25,298.15,0.5,50,5753.1,2.92429617488237,"TP_25°C,50%SOC"
TP_25C_50SOC,25,298.15,0.5,50,6388.1,2.91847475558928,"TP_25°C,50%SOC"
TP_25C_50SOC,25,298.15,0.5,50,7026.7,2.91759865604794,"TP_25°C,50%SOC"
TP_25C_50SOC,25,298.15,0.5,50,7663.4,2.91445668426592,"TP_25°C,50%SOC"
TP_25C_50SOC,25,298.15,0.5,50,8300.1,2.9121334183245,"TP_25°C,50%SOC"
TP_25C_50SOC,25,298.15,0.5,50,9031.6,2.90513937902036,"TP_25°C,50%SOC"
TP_25C_50SOC,25,298.15,0.5,50,9665.8,2.90264618242107,"TP_25°C,50%SOC"
TP_25C_50SOC,25,298.15,0.5,50,10302,2.89980162529789,"TP_25°C,50%SOC"
TP_25C_50SOC,25,298.15,0.5,50,10939,2.89470837900982,"TP_25°C,50%SOC"
TP_25C_50SOC,25,298.15,0.5,50,11575,2.89196664088605,"TP_25°C,50%SOC"
TP_25C_50SOC,25,298.15,0.5,50,12211,2.88960681333003,"TP_25°C,50%SOC"
TP_25C_50SOC,25,298.15,0.5,50,12844,2.88676699536235,"TP_25°C,50%SOC"
TP_25C_50SOC,25,298.15,0.5,50,13481,2.88399656395725,"TP_25°C,50%SOC"
TP_25C_50SOC,25,298.15,0.5,50,14119,2.88107644115878,"TP_25°C,50%SOC"
TP_25C_50SOC,25,298.15,0.5,50,14695,2.87848479916891,"TP_25°C,50%SOC"
TP_25C_50SOC,25,298.15,0.5,50,15148,2.874207771905,"TP_25°C,50%SOC"
TP_25C_50SOC,25,298.15,0.5,50,15811,2.87220409481307,"TP_25°C,50%SOC"
TP_25C_50SOC,25,298.15,0.5,50,17001,2.86825504037541,"TP_25°C,50%SOC"
TP_25C_50SOC,25,298.15,0.5,50,18239,2.86402930777808,"TP_25°C,50%SOC"
TP_25C_50SOC,25,298.15,0.5,50,19190,2.86082298306574,"TP_25°C,50%SOC"
TP_25C_50SOC,25,298.15,0.5,50,20163,2.85696189841292,"TP_25°C,50%SOC"
TP_25C_50SOC,25,298.15,0.5,50,21241,2.85160038816165,"TP_25°C,50%SOC"
TP_25C_100SOC,25,298.15,1,100,0,2.99555043405747,"TP_25°C,100%SOC"
TP_25C_100SOC,25,298.15,1,100,160.33,2.96357549568905,"TP_25°C,100%SOC"
TP_25C_100SOC,25,298.15,1,100,276.98,2.952967574041,"TP_25°C,100%SOC"
TP_25C_100SOC,25,298.15,1,100,408.99,2.94357205232571,"TP_25°C,100%SOC"
TP_25C_100SOC,25,298.15,1,100,708.11,2.9319100421036,"TP_25°C,100%SOC"
TP_25C_100SOC,25,298.15,1,100,1009.1,2.91518615352019,"TP_25°C,100%SOC"
TP_25C_100SOC,25,298.15,1,100,1285.6,2.90677716969118,"TP_25°C,100%SOC"
TP_25C_100SOC,25,298.15,1,100,1945,2.89470215617201,"TP_25°C,100%SOC"
TP_25C_100SOC,25,298.15,1,100,2579.2,2.87998004377818,"TP_25°C,100%SOC"
TP_25C_100SOC,25,298.15,1,100,3286.7,2.86439043770762,"TP_25°C,100%SOC"
TP_25C_100SOC,25,298.15,1,100,3872.7,2.85170801932865,"TP_25°C,100%SOC"
TP_25C_100SOC,25,298.15,1,100,4483,2.84221363711539,"TP_25°C,100%SOC"
TP_25C_100SOC,25,298.15,1,100,5118.6,2.82998383244879,"TP_25°C,100%SOC"
TP_25C_100SOC,25,298.15,1,100,5753.1,2.81754468296066,"TP_25°C,100%SOC"
TP_25C_100SOC,25,298.15,1,100,6388.1,2.80886617480379,"TP_25°C,100%SOC"
TP_25C_100SOC,25,298.15,1,100,7026.7,2.79855446179197,"TP_25°C,100%SOC"
TP_25C_100SOC,25,298.15,1,100,7663.4,2.78866810784854,"TP_25°C,100%SOC"
TP_25C_100SOC,25,298.15,1,100,8300.1,2.7814245912565,"TP_25°C,100%SOC"
TP_25C_100SOC,25,298.15,1,100,9031.6,2.76979493787247,"TP_25°C,100%SOC"
TP_25C_100SOC,25,298.15,1,100,9665.8,2.76087888231205,"TP_25°C,100%SOC"
TP_25C_100SOC,25,298.15,1,100,10302,2.75351670051921,"TP_25°C,100%SOC"
TP_25C_100SOC,25,298.15,1,100,10939,2.74326559795092,"TP_25°C,100%SOC"
TP_25C_100SOC,25,298.15,1,100,11575,2.73677113620812,"TP_25°C,100%SOC"
TP_25C_100SOC,25,298.15,1,100,12211,2.72915108152826,"TP_25°C,100%SOC"
TP_25C_100SOC,25,298.15,1,100,12844,2.72429189980375,"TP_25°C,100%SOC"
TP_25C_100SOC,25,298.15,1,100,13481,2.71689957775423,"TP_25°C,100%SOC"
TP_25C_100SOC,25,298.15,1,100,14119,2.7109830279297,"TP_25°C,100%SOC"
TP_25C_100SOC,25,298.15,1,100,14695,2.70508880710757,"TP_25°C,100%SOC"
TP_25C_100SOC,25,298.15,1,100,15148,2.70131335725652,"TP_25°C,100%SOC"
TP_25C_100SOC,25,298.15,1,100,15811,2.69508309954679,"TP_25°C,100%SOC"
TP_25C_100SOC,25,298.15,1,100,17001,2.68914287214055,"TP_25°C,100%SOC"
TP_25C_100SOC,25,298.15,1,100,18239,2.68249757960608,"TP_25°C,100%SOC"
TP_25C_100SOC,25,298.15,1,100,19190,2.67743919940535,"TP_25°C,100%SOC"
TP_25C_100SOC,25,298.15,1,100,20163,2.67243273404129,"TP_25°C,100%SOC"
TP_25C_100SOC,25,298.15,1,100,21241,2.66628330787716,"TP_25°C,100%SOC"
TP_40C_0SOC,40,313.15,0,0,0,2.9948,"TP_40°C,0%SOC"
TP_40C_0SOC,40,313.15,0,0,160.33,3.0011,"TP_40°C,0%SOC"
TP_40C_0SOC,40,313.15,0,0,276.98,3.0001,"TP_40°C,0%SOC"
TP_40C_0SOC,40,313.15,0,0,408.99,2.9973,"TP_40°C,0%SOC"
TP_40C_0SOC,40,313.15,0,0,708.11,2.99502206116749,"TP_40°C,0%SOC"
TP_40C_0SOC,40,313.15,0,0,1009.1,2.99091049212937,"TP_40°C,0%SOC"
TP_40C_0SOC,40,313.15,0,0,1285.6,2.98700127632553,"TP_40°C,0%SOC"
TP_40C_0SOC,40,313.15,0,0,1945,2.98289513185394,"TP_40°C,0%SOC"
TP_40C_0SOC,40,313.15,0,0,2579.2,2.97826819307978,"TP_40°C,0%SOC"
TP_40C_0SOC,40,313.15,0,0,3286.7,2.97400102997084,"TP_40°C,0%SOC"
TP_40C_0SOC,40,313.15,0,0,3872.7,2.96987421127762,"TP_40°C,0%SOC"
TP_40C_0SOC,40,313.15,0,0,4483,2.96616523961604,"TP_40°C,0%SOC"
TP_40C_0SOC,40,313.15,0,0,5118.6,2.96279576093274,"TP_40°C,0%SOC"
TP_40C_0SOC,40,313.15,0,0,5753.1,2.95902279454768,"TP_40°C,0%SOC"
TP_40C_0SOC,40,313.15,0,0,6388.1,2.95868926281518,"TP_40°C,0%SOC"
TP_40C_0SOC,40,313.15,0,0,7026.7,2.95266203382302,"TP_40°C,0%SOC"
TP_40C_0SOC,40,313.15,0,0,7663.4,2.94967149683911,"TP_40°C,0%SOC"
TP_40C_0SOC,40,313.15,0,0,8300.1,2.94678478001385,"TP_40°C,0%SOC"
TP_40C_0SOC,40,313.15,0,0,9031.6,2.93929676500226,"TP_40°C,0%SOC"
TP_40C_0SOC,40,313.15,0,0,9665.8,2.93767028290526,"TP_40°C,0%SOC"
TP_40C_0SOC,40,313.15,0,0,10302,2.93584928913963,"TP_40°C,0%SOC"
TP_40C_0SOC,40,313.15,0,0,10939,2.93317548636601,"TP_40°C,0%SOC"
TP_40C_0SOC,40,313.15,0,0,11575,2.93041926241196,"TP_40°C,0%SOC"
TP_40C_0SOC,40,313.15,0,0,12211,2.92802764702082,"TP_40°C,0%SOC"
TP_40C_0SOC,40,313.15,0,0,12844,2.92404020773476,"TP_40°C,0%SOC"
TP_40C_0SOC,40,313.15,0,0,13481,2.92291858899488,"TP_40°C,0%SOC"
TP_40C_0SOC,40,313.15,0,0,14119,2.92006944108881,"TP_40°C,0%SOC"
TP_40C_0SOC,40,313.15,0,0,14695,2.91709105994244,"TP_40°C,0%SOC"
TP_40C_0SOC,40,313.15,0,0,15148,2.91093018416973,"TP_40°C,0%SOC"
TP_40C_0SOC,40,313.15,0,0,15811,2.90966446425874,"TP_40°C,0%SOC"
TP_40C_0SOC,40,313.15,0,0,17001,2.9068539654713,"TP_40°C,0%SOC"
TP_40C_0SOC,40,313.15,0,0,18239,2.90382736869431,"TP_40°C,0%SOC"
TP_40C_0SOC,40,313.15,0,0,19190,2.89960626055988,"TP_40°C,0%SOC"
TP_40C_0SOC,40,313.15,0,0,20163,2.89667329249514,"TP_40°C,0%SOC"
TP_40C_0SOC,40,313.15,0,0,21241,2.88850751588701,"TP_40°C,0%SOC"
TP_40C_12SOC,40,313.15,0.125,12.5,0,2.99404225310133,"TP_40°C,12.5%SOC"
TP_40C_12SOC,40,313.15,0.125,12.5,160.33,3.00065842053856,"TP_40°C,12.5%SOC"
TP_40C_12SOC,40,313.15,0.125,12.5,276.98,2.99823369530128,"TP_40°C,12.5%SOC"
TP_40C_12SOC,40,313.15,0.125,12.5,408.99,2.99271617642372,"TP_40°C,12.5%SOC"
TP_40C_12SOC,40,313.15,0.125,12.5,708.11,2.98544013760405,"TP_40°C,12.5%SOC"
TP_40C_12SOC,40,313.15,0.125,12.5,1009.1,2.97978864751051,"TP_40°C,12.5%SOC"
TP_40C_12SOC,40,313.15,0.125,12.5,1285.6,2.97389863273872,"TP_40°C,12.5%SOC"
TP_40C_12SOC,40,313.15,0.125,12.5,1945,2.96540058932612,"TP_40°C,12.5%SOC"
TP_40C_12SOC,40,313.15,0.125,12.5,2579.2,2.95745541845676,"TP_40°C,12.5%SOC"
TP_40C_12SOC,40,313.15,0.125,12.5,3286.7,2.94958876741385,"TP_40°C,12.5%SOC"
TP_40C_12SOC,40,313.15,0.125,12.5,3872.7,2.94295478130857,"TP_40°C,12.5%SOC"
TP_40C_12SOC,40,313.15,0.125,12.5,4483,2.93677553882467,"TP_40°C,12.5%SOC"
TP_40C_12SOC,40,313.15,0.125,12.5,5118.6,2.93062461836519,"TP_40°C,12.5%SOC"
TP_40C_12SOC,40,313.15,0.125,12.5,5753.1,2.9244433250141,"TP_40°C,12.5%SOC"
TP_40C_12SOC,40,313.15,0.125,12.5,6388.1,2.9175581661245,"TP_40°C,12.5%SOC"
TP_40C_12SOC,40,313.15,0.125,12.5,7026.7,2.91271432604751,"TP_40°C,12.5%SOC"
TP_40C_12SOC,40,313.15,0.125,12.5,7663.4,2.90711411757997,"TP_40°C,12.5%SOC"
TP_40C_12SOC,40,313.15,0.125,12.5,8300.1,2.90194525279269,"TP_40°C,12.5%SOC"
TP_40C_12SOC,40,313.15,0.125,12.5,9031.6,2.89194863143169,"TP_40°C,12.5%SOC"
TP_40C_12SOC,40,313.15,0.125,12.5,9665.8,2.88847994468534,"TP_40°C,12.5%SOC"
TP_40C_12SOC,40,313.15,0.125,12.5,10302,2.88372178742421,"TP_40°C,12.5%SOC"
TP_40C_12SOC,40,313.15,0.125,12.5,10939,2.87869786776903,"TP_40°C,12.5%SOC"
TP_40C_12SOC,40,313.15,0.125,12.5,11575,2.87325162667446,"TP_40°C,12.5%SOC"
TP_40C_12SOC,40,313.15,0.125,12.5,12211,2.86839777861528,"TP_40°C,12.5%SOC"
TP_40C_12SOC,40,313.15,0.125,12.5,12844,2.86307937229944,"TP_40°C,12.5%SOC"
TP_40C_12SOC,40,313.15,0.125,12.5,13481,2.85919900325859,"TP_40°C,12.5%SOC"
TP_40C_12SOC,40,313.15,0.125,12.5,14119,2.85396060159898,"TP_40°C,12.5%SOC"
TP_40C_12SOC,40,313.15,0.125,12.5,14695,2.84883424129114,"TP_40°C,12.5%SOC"
TP_40C_12SOC,40,313.15,0.125,12.5,15148,2.84155350480795,"TP_40°C,12.5%SOC"
TP_40C_12SOC,40,313.15,0.125,12.5,15811,2.83811269792865,"TP_40°C,12.5%SOC"
TP_40C_12SOC,40,313.15,0.125,12.5,17001,2.83054103281938,"TP_40°C,12.5%SOC"
TP_40C_12SOC,40,313.15,0.125,12.5,18239,2.82222944950146,"TP_40°C,12.5%SOC"
TP_40C_12SOC,40,313.15,0.125,12.5,19190,2.81560217698587,"TP_40°C,12.5%SOC"
TP_40C_12SOC,40,313.15,0.125,12.5,20163,2.80903370903091,"TP_40°C,12.5%SOC"
TP_40C_12SOC,40,313.15,0.125,12.5,21241,2.79920026653544,"TP_40°C,12.5%SOC"
TP_40C_25SOC,40,313.15,0.25,25,0,2.99911279136341,"TP_40°C,25%SOC"
TP_40C_25SOC,40,313.15,0.25,25,160.33,2.99060839208556,"TP_40°C,25%SOC"
TP_40C_25SOC,40,313.15,0.25,25,276.98,2.98641627269096,"TP_40°C,25%SOC"
TP_40C_25SOC,40,313.15,0.25,25,408.99,2.98063243873549,"TP_40°C,25%SOC"
TP_40C_25SOC,40,313.15,0.25,25,708.11,2.97019289844463,"TP_40°C,25%SOC"
TP_40C_25SOC,40,313.15,0.25,25,1009.1,2.96273916569936,"TP_40°C,25%SOC"
TP_40C_25SOC,40,313.15,0.25,25,1285.6,2.95664488151565,"TP_40°C,25%SOC"
TP_40C_25SOC,40,313.15,0.25,25,1945,2.94506104690745,"TP_40°C,25%SOC"
TP_40C_25SOC,40,313.15,0.25,25,2579.2,2.93518199360573,"TP_40°C,25%SOC"
TP_40C_25SOC,40,313.15,0.25,25,3286.7,2.92582391474432,"TP_40°C,25%SOC"
TP_40C_25SOC,40,313.15,0.25,25,3872.7,2.91818687239569,"TP_40°C,25%SOC"
TP_40C_25SOC,40,313.15,0.25,25,4483,2.91025590322585,"TP_40°C,25%SOC"
TP_40C_25SOC,40,313.15,0.25,25,5118.6,2.90328345177606,"TP_40°C,25%SOC"
TP_40C_25SOC,40,313.15,0.25,25,5753.1,2.89599857878134,"TP_40°C,25%SOC"
TP_40C_25SOC,40,313.15,0.25,25,6388.1,2.88806829293145,"TP_40°C,25%SOC"
TP_40C_25SOC,40,313.15,0.25,25,7026.7,2.88192250118991,"TP_40°C,25%SOC"
TP_40C_25SOC,40,313.15,0.25,25,7663.4,2.87692671312928,"TP_40°C,25%SOC"
TP_40C_25SOC,40,313.15,0.25,25,8300.1,2.87079447489836,"TP_40°C,25%SOC"
TP_40C_25SOC,40,313.15,0.25,25,9031.6,2.85962669322762,"TP_40°C,25%SOC"
TP_40C_25SOC,40,313.15,0.25,25,9665.8,2.8553396418788,"TP_40°C,25%SOC"
TP_40C_25SOC,40,313.15,0.25,25,10302,2.85035728750016,"TP_40°C,25%SOC"
TP_40C_25SOC,40,313.15,0.25,25,10939,2.84488255150425,"TP_40°C,25%SOC"
TP_40C_25SOC,40,313.15,0.25,25,11575,2.83877939442901,"TP_40°C,25%SOC"
TP_40C_25SOC,40,313.15,0.25,25,12211,2.83308175738204,"TP_40°C,25%SOC"
TP_40C_25SOC,40,313.15,0.25,25,12844,2.82856550858766,"TP_40°C,25%SOC"
TP_40C_25SOC,40,313.15,0.25,25,13481,2.82234770873289,"TP_40°C,25%SOC"
TP_40C_25SOC,40,313.15,0.25,25,14119,2.81718081943637,"TP_40°C,25%SOC"
TP_40C_25SOC,40,313.15,0.25,25,14695,2.81216044323106,"TP_40°C,25%SOC"
TP_40C_25SOC,40,313.15,0.25,25,15148,2.80504648659831,"TP_40°C,25%SOC"
TP_40C_25SOC,40,313.15,0.25,25,15811,2.80154470550731,"TP_40°C,25%SOC"
TP_40C_25SOC,40,313.15,0.25,25,17001,2.79338873826649,"TP_40°C,25%SOC"
TP_40C_25SOC,40,313.15,0.25,25,18239,2.78496498062024,"TP_40°C,25%SOC"
TP_40C_25SOC,40,313.15,0.25,25,19190,2.77779506503256,"TP_40°C,25%SOC"
TP_40C_25SOC,40,313.15,0.25,25,20163,2.7713572351126,"TP_40°C,25%SOC"
TP_40C_25SOC,40,313.15,0.25,25,21241,2.76084177847413,"TP_40°C,25%SOC"
TP_40C_38SOC,40,313.15,0.375,37.5,0,2.99268902370095,"TP_40°C,37.5%SOC"
TP_40C_38SOC,40,313.15,0.375,37.5,160.33,2.97989014715114,"TP_40°C,37.5%SOC"
TP_40C_38SOC,40,313.15,0.375,37.5,276.98,2.97113392299188,"TP_40°C,37.5%SOC"
TP_40C_38SOC,40,313.15,0.375,37.5,408.99,2.96345211573732,"TP_40°C,37.5%SOC"
TP_40C_38SOC,40,313.15,0.375,37.5,708.11,2.95190500360384,"TP_40°C,37.5%SOC"
TP_40C_38SOC,40,313.15,0.375,37.5,1009.1,2.9419920624143,"TP_40°C,37.5%SOC"
TP_40C_38SOC,40,313.15,0.375,37.5,1285.6,2.93359980334139,"TP_40°C,37.5%SOC"
TP_40C_38SOC,40,313.15,0.375,37.5,1945,2.91968527853025,"TP_40°C,37.5%SOC"
TP_40C_38SOC,40,313.15,0.375,37.5,2579.2,2.90786917299756,"TP_40°C,37.5%SOC"
TP_40C_38SOC,40,313.15,0.375,37.5,3286.7,2.89647227871794,"TP_40°C,37.5%SOC"
TP_40C_38SOC,40,313.15,0.375,37.5,3872.7,2.88700738096908,"TP_40°C,37.5%SOC"
TP_40C_38SOC,40,313.15,0.375,37.5,4483,2.87825956198802,"TP_40°C,37.5%SOC"
TP_40C_38SOC,40,313.15,0.375,37.5,5118.6,2.86973722164979,"TP_40°C,37.5%SOC"
TP_40C_38SOC,40,313.15,0.375,37.5,5753.1,2.86135126238592,"TP_40°C,37.5%SOC"
TP_40C_38SOC,40,313.15,0.375,37.5,6388.1,2.85395550707285,"TP_40°C,37.5%SOC"
TP_40C_38SOC,40,313.15,0.375,37.5,7026.7,2.84524870714164,"TP_40°C,37.5%SOC"
TP_40C_38SOC,40,313.15,0.375,37.5,7663.4,2.83809573734448,"TP_40°C,37.5%SOC"
TP_40C_38SOC,40,313.15,0.375,37.5,8300.1,2.83266275806325,"TP_40°C,37.5%SOC"
TP_40C_38SOC,40,313.15,0.375,37.5,9031.6,2.82174508782412,"TP_40°C,37.5%SOC"
TP_40C_38SOC,40,313.15,0.375,37.5,9665.8,2.81617189402308,"TP_40°C,37.5%SOC"
TP_40C_38SOC,40,313.15,0.375,37.5,10302,2.80979216184287,"TP_40°C,37.5%SOC"
TP_40C_38SOC,40,313.15,0.375,37.5,10939,2.80372976025677,"TP_40°C,37.5%SOC"
TP_40C_38SOC,40,313.15,0.375,37.5,11575,2.79756307758489,"TP_40°C,37.5%SOC"
TP_40C_38SOC,40,313.15,0.375,37.5,12211,2.79163934478268,"TP_40°C,37.5%SOC"
TP_40C_38SOC,40,313.15,0.375,37.5,12844,2.78351009689924,"TP_40°C,37.5%SOC"
TP_40C_38SOC,40,313.15,0.375,37.5,13481,2.77892760931277,"TP_40°C,37.5%SOC"
TP_40C_38SOC,40,313.15,0.375,37.5,14119,2.7732502850305,"TP_40°C,37.5%SOC"
TP_40C_38SOC,40,313.15,0.375,37.5,14695,2.76716125368205,"TP_40°C,37.5%SOC"
TP_40C_38SOC,40,313.15,0.375,37.5,15148,2.76504422374046,"TP_40°C,37.5%SOC"
TP_40C_38SOC,40,313.15,0.375,37.5,15811,2.75807913253349,"TP_40°C,37.5%SOC"
TP_40C_38SOC,40,313.15,0.375,37.5,17001,2.74787023499246,"TP_40°C,37.5%SOC"
TP_40C_38SOC,40,313.15,0.375,37.5,18239,2.73897610386063,"TP_40°C,37.5%SOC"
TP_40C_38SOC,40,313.15,0.375,37.5,19190,2.73150522253323,"TP_40°C,37.5%SOC"
TP_40C_38SOC,40,313.15,0.375,37.5,20163,2.72411982457652,"TP_40°C,37.5%SOC"
TP_40C_38SOC,40,313.15,0.375,37.5,21241,2.71544149645906,"TP_40°C,37.5%SOC"
TP_40C_50SOC,40,313.15,0.5,50,0,2.98963756864357,"TP_40°C,50%SOC"
TP_40C_50SOC,40,313.15,0.5,50,160.33,2.98246573057286,"TP_40°C,50%SOC"
TP_40C_50SOC,40,313.15,0.5,50,276.98,2.97447020062843,"TP_40°C,50%SOC"
TP_40C_50SOC,40,313.15,0.5,50,408.99,2.96553829141535,"TP_40°C,50%SOC"
TP_40C_50SOC,40,313.15,0.5,50,708.11,2.95351738009719,"TP_40°C,50%SOC"
TP_40C_50SOC,40,313.15,0.5,50,1009.1,2.94325058871135,"TP_40°C,50%SOC"
TP_40C_50SOC,40,313.15,0.5,50,1285.6,2.93419185873499,"TP_40°C,50%SOC"
TP_40C_50SOC,40,313.15,0.5,50,1945,2.92008771936436,"TP_40°C,50%SOC"
TP_40C_50SOC,40,313.15,0.5,50,2579.2,2.90808062407934,"TP_40°C,50%SOC"
TP_40C_50SOC,40,313.15,0.5,50,3286.7,2.89622595209746,"TP_40°C,50%SOC"
TP_40C_50SOC,40,313.15,0.5,50,3872.7,2.88719039810577,"TP_40°C,50%SOC"
TP_40C_50SOC,40,313.15,0.5,50,4483,2.87829752999192,"TP_40°C,50%SOC"
TP_40C_50SOC,40,313.15,0.5,50,5118.6,2.86967977215158,"TP_40°C,50%SOC"
TP_40C_50SOC,40,313.15,0.5,50,5753.1,2.86085917234156,"TP_40°C,50%SOC"
TP_40C_50SOC,40,313.15,0.5,50,6388.1,2.85206209166006,"TP_40°C,50%SOC"
TP_40C_50SOC,40,313.15,0.5,50,7026.7,2.8450704886893,"TP_40°C,50%SOC"
TP_40C_50SOC,40,313.15,0.5,50,7663.4,2.83774687033317,"TP_40°C,50%SOC"
TP_40C_50SOC,40,313.15,0.5,50,8300.1,2.8320053196502,"TP_40°C,50%SOC"
TP_40C_50SOC,40,313.15,0.5,50,9031.6,2.82060513699998,"TP_40°C,50%SOC"
TP_40C_50SOC,40,313.15,0.5,50,9665.8,2.81525729814096,"TP_40°C,50%SOC"
TP_40C_50SOC,40,313.15,0.5,50,10302,2.80893840283054,"TP_40°C,50%SOC"
TP_40C_50SOC,40,313.15,0.5,50,10939,2.80236478854221,"TP_40°C,50%SOC"
TP_40C_50SOC,40,313.15,0.5,50,11575,2.79476556167363,"TP_40°C,50%SOC"
TP_40C_50SOC,40,313.15,0.5,50,12211,2.78920391550237,"TP_40°C,50%SOC"
TP_40C_50SOC,40,313.15,0.5,50,12844,2.78487941707447,"TP_40°C,50%SOC"
TP_40C_50SOC,40,313.15,0.5,50,13481,2.77800720584352,"TP_40°C,50%SOC"
TP_40C_50SOC,40,313.15,0.5,50,14119,2.77225856618105,"TP_40°C,50%SOC"
TP_40C_50SOC,40,313.15,0.5,50,14695,2.76634845490801,"TP_40°C,50%SOC"
TP_40C_50SOC,40,313.15,0.5,50,15148,2.77112745687444,"TP_40°C,50%SOC"
TP_40C_50SOC,40,313.15,0.5,50,15811,2.75850594583496,"TP_40°C,50%SOC"
TP_40C_50SOC,40,313.15,0.5,50,17001,2.74719228674489,"TP_40°C,50%SOC"
TP_40C_50SOC,40,313.15,0.5,50,18239,2.73769362138802,"TP_40°C,50%SOC"
TP_40C_50SOC,40,313.15,0.5,50,19190,2.72992519971184,"TP_40°C,50%SOC"
TP_40C_50SOC,40,313.15,0.5,50,20163,2.72229971786528,"TP_40°C,50%SOC"
TP_40C_50SOC,40,313.15,0.5,50,21241,2.7132491293603,"TP_40°C,50%SOC"
TP_40C_62SOC,40,313.15,0.625,62.5,0,2.99526415615506,"TP_40°C,62.5%SOC"
TP_40C_62SOC,40,313.15,0.625,62.5,160.33,2.97748395436287,"TP_40°C,62.5%SOC"
TP_40C_62SOC,40,313.15,0.625,62.5,276.98,2.96911373808719,"TP_40°C,62.5%SOC"
TP_40C_62SOC,40,313.15,0.625,62.5,408.99,2.96078878862629,"TP_40°C,62.5%SOC"
TP_40C_62SOC,40,313.15,0.625,62.5,708.11,2.94749166446901,"TP_40°C,62.5%SOC"
TP_40C_62SOC,40,313.15,0.625,62.5,1009.1,2.93720199664923,"TP_40°C,62.5%SOC"
TP_40C_62SOC,40,313.15,0.625,62.5,1285.6,2.92869707391916,"TP_40°C,62.5%SOC"
TP_40C_62SOC,40,313.15,0.625,62.5,1945,2.91371520812649,"TP_40°C,62.5%SOC"
TP_40C_62SOC,40,313.15,0.625,62.5,2579.2,2.90142161414131,"TP_40°C,62.5%SOC"
TP_40C_62SOC,40,313.15,0.625,62.5,3286.7,2.88945996433231,"TP_40°C,62.5%SOC"
TP_40C_62SOC,40,313.15,0.625,62.5,3872.7,2.8802124702769,"TP_40°C,62.5%SOC"
TP_40C_62SOC,40,313.15,0.625,62.5,4483,2.87082108215563,"TP_40°C,62.5%SOC"
TP_40C_62SOC,40,313.15,0.625,62.5,5118.6,2.86221976420161,"TP_40°C,62.5%SOC"
TP_40C_62SOC,40,313.15,0.625,62.5,5753.1,2.85362190544083,"TP_40°C,62.5%SOC"
TP_40C_62SOC,40,313.15,0.625,62.5,6388.1,2.84541214272435,"TP_40°C,62.5%SOC"
TP_40C_62SOC,40,313.15,0.625,62.5,7026.7,2.83813034523893,"TP_40°C,62.5%SOC"
TP_40C_62SOC,40,313.15,0.625,62.5,7663.4,2.83014804701446,"TP_40°C,62.5%SOC"
TP_40C_62SOC,40,313.15,0.625,62.5,8300.1,2.82430391011962,"TP_40°C,62.5%SOC"
TP_40C_62SOC,40,313.15,0.625,62.5,9031.6,2.81387776952565,"TP_40°C,62.5%SOC"
TP_40C_62SOC,40,313.15,0.625,62.5,9665.8,2.80776357829081,"TP_40°C,62.5%SOC"
TP_40C_62SOC,40,313.15,0.625,62.5,10302,2.80177584038607,"TP_40°C,62.5%SOC"
TP_40C_62SOC,40,313.15,0.625,62.5,10939,2.79477493029424,"TP_40°C,62.5%SOC"
TP_40C_62SOC,40,313.15,0.625,62.5,11575,2.7892180665391,"TP_40°C,62.5%SOC"
TP_40C_62SOC,40,313.15,0.625,62.5,12211,2.78225812798921,"TP_40°C,62.5%SOC"
TP_40C_62SOC,40,313.15,0.625,62.5,12844,2.77654248433989,"TP_40°C,62.5%SOC"
TP_40C_62SOC,40,313.15,0.625,62.5,13481,2.76973592989104,"TP_40°C,62.5%SOC"
TP_40C_62SOC,40,313.15,0.625,62.5,14119,2.76380648104107,"TP_40°C,62.5%SOC"
TP_40C_62SOC,40,313.15,0.625,62.5,14695,2.7586414158785,"TP_40°C,62.5%SOC"
TP_40C_62SOC,40,313.15,0.625,62.5,15148,2.75343612108684,"TP_40°C,62.5%SOC"
TP_40C_62SOC,40,313.15,0.625,62.5,15811,2.74788105919514,"TP_40°C,62.5%SOC"
TP_40C_62SOC,40,313.15,0.625,62.5,17001,2.73842413578477,"TP_40°C,62.5%SOC"
TP_40C_62SOC,40,313.15,0.625,62.5,18239,2.72863875208369,"TP_40°C,62.5%SOC"
TP_40C_62SOC,40,313.15,0.625,62.5,19190,2.72094887529192,"TP_40°C,62.5%SOC"
TP_40C_62SOC,40,313.15,0.625,62.5,20163,2.71369651579637,"TP_40°C,62.5%SOC"
TP_40C_62SOC,40,313.15,0.625,62.5,21241,2.70440780821092,"TP_40°C,62.5%SOC"
TP_40C_75SOC,40,313.15,0.75,75,0,2.99664900869078,"TP_40°C,75%SOC"
TP_40C_75SOC,40,313.15,0.75,75,160.33,2.96122550526002,"TP_40°C,75%SOC"
TP_40C_75SOC,40,313.15,0.75,75,276.98,2.94814862712388,"TP_40°C,75%SOC"
TP_40C_75SOC,40,313.15,0.75,75,408.99,2.93920141230085,"TP_40°C,75%SOC"
TP_40C_75SOC,40,313.15,0.75,75,708.11,2.9252483731525,"TP_40°C,75%SOC"
TP_40C_75SOC,40,313.15,0.75,75,1009.1,2.91257597932197,"TP_40°C,75%SOC"
TP_40C_75SOC,40,313.15,0.75,75,1285.6,2.90306301233415,"TP_40°C,75%SOC"
TP_40C_75SOC,40,313.15,0.75,75,1945,2.88714520977471,"TP_40°C,75%SOC"
TP_40C_75SOC,40,313.15,0.75,75,2579.2,2.87385462896296,"TP_40°C,75%SOC"
TP_40C_75SOC,40,313.15,0.75,75,3286.7,2.86136501558144,"TP_40°C,75%SOC"
TP_40C_75SOC,40,313.15,0.75,75,3872.7,2.85154885898853,"TP_40°C,75%SOC"
TP_40C_75SOC,40,313.15,0.75,75,4483,2.84202763699416,"TP_40°C,75%SOC"
TP_40C_75SOC,40,313.15,0.75,75,5118.6,2.8325088422585,"TP_40°C,75%SOC"
TP_40C_75SOC,40,313.15,0.75,75,5753.1,2.82335386681587,"TP_40°C,75%SOC"
TP_40C_75SOC,40,313.15,0.75,75,6388.1,2.81685012264495,"TP_40°C,75%SOC"
TP_40C_75SOC,40,313.15,0.75,75,7026.7,2.80704420514774,"TP_40°C,75%SOC"
TP_40C_75SOC,40,313.15,0.75,75,7663.4,2.80185038637231,"TP_40°C,75%SOC"
TP_40C_75SOC,40,313.15,0.75,75,8300.1,2.79331011984973,"TP_40°C,75%SOC"
TP_40C_75SOC,40,313.15,0.75,75,9031.6,2.78787555027406,"TP_40°C,75%SOC"
TP_40C_75SOC,40,313.15,0.75,75,9665.8,2.78041028588457,"TP_40°C,75%SOC"
TP_40C_75SOC,40,313.15,0.75,75,10302,2.77372172149623,"TP_40°C,75%SOC"
TP_40C_75SOC,40,313.15,0.75,75,10939,2.76945765527354,"TP_40°C,75%SOC"
TP_40C_75SOC,40,313.15,0.75,75,11575,2.76309607460062,"TP_40°C,75%SOC"
TP_40C_75SOC,40,313.15,0.75,75,12211,2.75671006528925,"TP_40°C,75%SOC"
TP_40C_75SOC,40,313.15,0.75,75,12844,2.7508985784551,"TP_40°C,75%SOC"
TP_40C_75SOC,40,313.15,0.75,75,13481,2.74216131529618,"TP_40°C,75%SOC"
TP_40C_75SOC,40,313.15,0.75,75,14119,2.73623290132901,"TP_40°C,75%SOC"
TP_40C_75SOC,40,313.15,0.75,75,14695,2.73024997037619,"TP_40°C,75%SOC"
TP_40C_75SOC,40,313.15,0.75,75,15148,2.72867605175841,"TP_40°C,75%SOC"
TP_40C_75SOC,40,313.15,0.75,75,15811,2.72176881017892,"TP_40°C,75%SOC"
TP_40C_75SOC,40,313.15,0.75,75,17001,2.71200534159001,"TP_40°C,75%SOC"
TP_40C_75SOC,40,313.15,0.75,75,18239,2.70223857361827,"TP_40°C,75%SOC"
TP_40C_75SOC,40,313.15,0.75,75,19190,2.69472628876252,"TP_40°C,75%SOC"
TP_40C_75SOC,40,313.15,0.75,75,20163,2.68755102520883,"TP_40°C,75%SOC"
TP_40C_75SOC,40,313.15,0.75,75,21241,2.67964535211691,"TP_40°C,75%SOC"
TP_40C_88SOC,40,313.15,0.875,87.5,0,2.9931931792705,"TP_40°C,87.5%SOC"
TP_40C_88SOC,40,313.15,0.875,87.5,160.33,2.94530075268077,"TP_40°C,87.5%SOC"
TP_40C_88SOC,40,313.15,0.875,87.5,276.98,2.9302944582375,"TP_40°C,87.5%SOC"
TP_40C_88SOC,40,313.15,0.875,87.5,408.99,2.91755299035328,"TP_40°C,87.5%SOC"
TP_40C_88SOC,40,313.15,0.875,87.5,708.11,2.89885946041828,"TP_40°C,87.5%SOC"
TP_40C_88SOC,40,313.15,0.875,87.5,1009.1,2.88361983752251,"TP_40°C,87.5%SOC"
TP_40C_88SOC,40,313.15,0.875,87.5,1285.6,2.87131262751468,"TP_40°C,87.5%SOC"
TP_40C_88SOC,40,313.15,0.875,87.5,1945,2.85103232036458,"TP_40°C,87.5%SOC"
TP_40C_88SOC,40,313.15,0.875,87.5,2579.2,2.83421971266971,"TP_40°C,87.5%SOC"
TP_40C_88SOC,40,313.15,0.875,87.5,3286.7,2.81876042144285,"TP_40°C,87.5%SOC"
TP_40C_88SOC,40,313.15,0.875,87.5,3872.7,2.80698209540622,"TP_40°C,87.5%SOC"
TP_40C_88SOC,40,313.15,0.875,87.5,4483,2.7954192962979,"TP_40°C,87.5%SOC"
TP_40C_88SOC,40,313.15,0.875,87.5,5118.6,2.78398294715964,"TP_40°C,87.5%SOC"
TP_40C_88SOC,40,313.15,0.875,87.5,5753.1,2.77321807555152,"TP_40°C,87.5%SOC"
TP_40C_88SOC,40,313.15,0.875,87.5,6388.1,2.76482340692044,"TP_40°C,87.5%SOC"
TP_40C_88SOC,40,313.15,0.875,87.5,7026.7,2.75363527474813,"TP_40°C,87.5%SOC"
TP_40C_88SOC,40,313.15,0.875,87.5,7663.4,2.74491559967219,"TP_40°C,87.5%SOC"
TP_40C_88SOC,40,313.15,0.875,87.5,8300.1,2.73756212836943,"TP_40°C,87.5%SOC"
TP_40C_88SOC,40,313.15,0.875,87.5,9031.6,2.72936820319926,"TP_40°C,87.5%SOC"
TP_40C_88SOC,40,313.15,0.875,87.5,9665.8,2.72020701628137,"TP_40°C,87.5%SOC"
TP_40C_88SOC,40,313.15,0.875,87.5,10302,2.7128119144608,"TP_40°C,87.5%SOC"
TP_40C_88SOC,40,313.15,0.875,87.5,10939,2.70498333282712,"TP_40°C,87.5%SOC"
TP_40C_88SOC,40,313.15,0.875,87.5,11575,2.69782190596384,"TP_40°C,87.5%SOC"
TP_40C_88SOC,40,313.15,0.875,87.5,12211,2.69099271008135,"TP_40°C,87.5%SOC"
TP_40C_88SOC,40,313.15,0.875,87.5,12844,2.68478596398507,"TP_40°C,87.5%SOC"
TP_40C_88SOC,40,313.15,0.875,87.5,13481,2.67848862364132,"TP_40°C,87.5%SOC"
TP_40C_88SOC,40,313.15,0.875,87.5,14119,2.67214762660159,"TP_40°C,87.5%SOC"
TP_40C_88SOC,40,313.15,0.875,87.5,14695,2.666180857543,"TP_40°C,87.5%SOC"
TP_40C_88SOC,40,313.15,0.875,87.5,15148,2.66408773440204,"TP_40°C,87.5%SOC"
TP_40C_88SOC,40,313.15,0.875,87.5,15811,2.6560721728172,"TP_40°C,87.5%SOC"
TP_40C_88SOC,40,313.15,0.875,87.5,17001,2.64618295265436,"TP_40°C,87.5%SOC"
TP_40C_88SOC,40,313.15,0.875,87.5,18239,2.63674413411135,"TP_40°C,87.5%SOC"
TP_40C_88SOC,40,313.15,0.875,87.5,19190,2.62925294574793,"TP_40°C,87.5%SOC"
TP_40C_88SOC,40,313.15,0.875,87.5,20163,2.62212880495899,"TP_40°C,87.5%SOC"
TP_40C_88SOC,40,313.15,0.875,87.5,21241,2.61548661491464,"TP_40°C,87.5%SOC"
TP_40C_100SOC,40,313.15,1,100,0,2.99353745610228,"TP_40°C,100%SOC"
TP_40C_100SOC,40,313.15,1,100,160.33,2.95096430652603,"TP_40°C,100%SOC"
TP_40C_100SOC,40,313.15,1,100,276.98,2.93561570050631,"TP_40°C,100%SOC"
TP_40C_100SOC,40,313.15,1,100,408.99,2.92245169644657,"TP_40°C,100%SOC"
TP_40C_100SOC,40,313.15,1,100,708.11,2.90327695258843,"TP_40°C,100%SOC"
TP_40C_100SOC,40,313.15,1,100,1009.1,2.8873520139535,"TP_40°C,100%SOC"
TP_40C_100SOC,40,313.15,1,100,1285.6,2.87435675384775,"TP_40°C,100%SOC"
TP_40C_100SOC,40,313.15,1,100,1945,2.8535091778129,"TP_40°C,100%SOC"
TP_40C_100SOC,40,313.15,1,100,2579.2,2.83615242369884,"TP_40°C,100%SOC"
TP_40C_100SOC,40,313.15,1,100,3286.7,2.82030632692463,"TP_40°C,100%SOC"
TP_40C_100SOC,40,313.15,1,100,3872.7,2.8087481777221,"TP_40°C,100%SOC"
TP_40C_100SOC,40,313.15,1,100,4483,2.79732606134809,"TP_40°C,100%SOC"
TP_40C_100SOC,40,313.15,1,100,5118.6,2.78626992590091,"TP_40°C,100%SOC"
TP_40C_100SOC,40,313.15,1,100,5753.1,2.77547115047887,"TP_40°C,100%SOC"
TP_40C_100SOC,40,313.15,1,100,6388.1,2.76585149128599,"TP_40°C,100%SOC"
TP_40C_100SOC,40,313.15,1,100,7026.7,2.7563519416635,"TP_40°C,100%SOC"
TP_40C_100SOC,40,313.15,1,100,7663.4,2.74786892830153,"TP_40°C,100%SOC"
TP_40C_100SOC,40,313.15,1,100,8300.1,2.74042249266808,"TP_40°C,100%SOC"
TP_40C_100SOC,40,313.15,1,100,9031.6,2.73067152347033,"TP_40°C,100%SOC"
TP_40C_100SOC,40,313.15,1,100,9665.8,2.72233658020748,"TP_40°C,100%SOC"
TP_40C_100SOC,40,313.15,1,100,10302,2.71531254863028,"TP_40°C,100%SOC"
TP_40C_100SOC,40,313.15,1,100,10939,2.70902111807689,"TP_40°C,100%SOC"
TP_40C_100SOC,40,313.15,1,100,11575,2.70156453545954,"TP_40°C,100%SOC"
TP_40C_100SOC,40,313.15,1,100,12211,2.69496212510153,"TP_40°C,100%SOC"
TP_40C_100SOC,40,313.15,1,100,12844,2.68731804834882,"TP_40°C,100%SOC"
TP_40C_100SOC,40,313.15,1,100,13481,2.68103647244215,"TP_40°C,100%SOC"
TP_40C_100SOC,40,313.15,1,100,14119,2.67455066247168,"TP_40°C,100%SOC"
TP_40C_100SOC,40,313.15,1,100,14695,2.66883439703043,"TP_40°C,100%SOC"
TP_40C_100SOC,40,313.15,1,100,15148,2.66464728798699,"TP_40°C,100%SOC"
TP_40C_100SOC,40,313.15,1,100,15811,2.65784815047521,"TP_40°C,100%SOC"
TP_40C_100SOC,40,313.15,1,100,17001,2.61843226819492,"TP_40°C,100%SOC"
TP_40C_100SOC,40,313.15,1,100,18239,2.60768942034896,"TP_40°C,100%SOC"
TP_40C_100SOC,40,313.15,1,100,19190,2.60015739436624,"TP_40°C,100%SOC"
TP_40C_100SOC,40,313.15,1,100,20163,2.59347190483089,"TP_40°C,100%SOC"
TP_40C_100SOC,40,313.15,1,100,21241,2.5861176330101,"TP_40°C,100%SOC"
TP_60C_0SOC,60,333.15,0,0,0,2.99607084911234,"TP_60°C,0%SOC"
TP_60C_0SOC,60,333.15,0,0,160.33,2.99504699066948,"TP_60°C,0%SOC"
TP_60C_0SOC,60,333.15,0,0,276.98,2.98640449328618,"TP_60°C,0%SOC"
TP_60C_0SOC,60,333.15,0,0,408.99,2.97791644444513,"TP_60°C,0%SOC"
TP_60C_0SOC,60,333.15,0,0,708.11,2.96728658342394,"TP_60°C,0%SOC"
TP_60C_0SOC,60,333.15,0,0,1009.1,2.95793773536408,"TP_60°C,0%SOC"
TP_60C_0SOC,60,333.15,0,0,1285.6,2.94910283760662,"TP_60°C,0%SOC"
TP_60C_0SOC,60,333.15,0,0,1945,2.93937751475593,"TP_60°C,0%SOC"
TP_60C_0SOC,60,333.15,0,0,2579.2,2.93002665290599,"TP_60°C,0%SOC"
TP_60C_0SOC,60,333.15,0,0,3286.7,2.92177408729632,"TP_60°C,0%SOC"
TP_60C_0SOC,60,333.15,0,0,3872.7,2.91497190557335,"TP_60°C,0%SOC"
TP_60C_0SOC,60,333.15,0,0,4483,2.90854511225895,"TP_60°C,0%SOC"
TP_60C_0SOC,60,333.15,0,0,5118.6,2.90190586020904,"TP_60°C,0%SOC"
TP_60C_0SOC,60,333.15,0,0,5753.1,2.89405991913082,"TP_60°C,0%SOC"
TP_60C_0SOC,60,333.15,0,0,6388.1,2.89419803013934,"TP_60°C,0%SOC"
TP_60C_0SOC,60,333.15,0,0,7026.7,2.87656650690085,"TP_60°C,0%SOC"
TP_60C_0SOC,60,333.15,0,0,7663.4,2.86731880644848,"TP_60°C,0%SOC"
TP_60C_0SOC,60,333.15,0,0,8300.1,2.85846775355589,"TP_60°C,0%SOC"
TP_60C_0SOC,60,333.15,0,0,9031.6,2.8412109538652,"TP_60°C,0%SOC"
TP_60C_0SOC,60,333.15,0,0,9665.8,2.8334308975282,"TP_60°C,0%SOC"
TP_60C_0SOC,60,333.15,0,0,10302,2.82509794324031,"TP_60°C,0%SOC"
TP_60C_0SOC,60,333.15,0,0,10939,2.81607831247043,"TP_60°C,0%SOC"
TP_60C_0SOC,60,333.15,0,0,11575,2.80599090638696,"TP_60°C,0%SOC"
TP_60C_0SOC,60,333.15,0,0,12211,2.79648584263619,"TP_60°C,0%SOC"
TP_60C_0SOC,60,333.15,0,0,12844,2.78647494161409,"TP_60°C,0%SOC"
TP_60C_0SOC,60,333.15,0,0,13481,2.77635672741564,"TP_60°C,0%SOC"
TP_60C_0SOC,60,333.15,0,0,14119,2.7656082718895,"TP_60°C,0%SOC"
TP_60C_0SOC,60,333.15,0,0,14695,2.75568269023001,"TP_60°C,0%SOC"
TP_60C_0SOC,60,333.15,0,0,15148,2.73879453612167,"TP_60°C,0%SOC"
TP_60C_0SOC,60,333.15,0,0,15811,2.7304185523355,"TP_60°C,0%SOC"
TP_60C_0SOC,60,333.15,0,0,17001,2.71916865143028,"TP_60°C,0%SOC"
TP_60C_0SOC,60,333.15,0,0,18239,2.70532476885442,"TP_60°C,0%SOC"
TP_60C_0SOC,60,333.15,0,0,19190,2.69026086132631,"TP_60°C,0%SOC"
TP_60C_0SOC,60,333.15,0,0,20163,2.67872053834164,"TP_60°C,0%SOC"
TP_60C_0SOC,60,333.15,0,0,21241,2.65143387427043,"TP_60°C,0%SOC"
TP_60C_50SOC,60,333.15,0.5,50,0,2.99083615332298,"TP_60°C,50%SOC"
TP_60C_50SOC,60,333.15,0.5,50,160.33,2.94717494878133,"TP_60°C,50%SOC"
TP_60C_50SOC,60,333.15,0.5,50,276.98,2.92338653423117,"TP_60°C,50%SOC"
TP_60C_50SOC,60,333.15,0.5,50,408.99,2.90458541222055,"TP_60°C,50%SOC"
TP_60C_50SOC,60,333.15,0.5,50,708.11,2.87269056820596,"TP_60°C,50%SOC"
TP_60C_50SOC,60,333.15,0.5,50,1009.1,2.85139622106154,"TP_60°C,50%SOC"
TP_60C_50SOC,60,333.15,0.5,50,1285.6,2.83200810969483,"TP_60°C,50%SOC"
TP_60C_50SOC,60,333.15,0.5,50,1945,2.79932219788013,"TP_60°C,50%SOC"
TP_60C_50SOC,60,333.15,0.5,50,2579.2,2.77315518556936,"TP_60°C,50%SOC"
TP_60C_50SOC,60,333.15,0.5,50,3286.7,2.75322507411253,"TP_60°C,50%SOC"
TP_60C_50SOC,60,333.15,0.5,50,3872.7,2.7363444040512,"TP_60°C,50%SOC"
TP_60C_50SOC,60,333.15,0.5,50,4483,2.72330230806856,"TP_60°C,50%SOC"
TP_60C_50SOC,60,333.15,0.5,50,5118.6,2.70451008160356,"TP_60°C,50%SOC"
TP_60C_50SOC,60,333.15,0.5,50,5753.1,2.6839395418023,"TP_60°C,50%SOC"
TP_60C_50SOC,60,333.15,0.5,50,6388.1,2.66311614685944,"TP_60°C,50%SOC"
TP_60C_50SOC,60,333.15,0.5,50,7026.7,2.64289182882817,"TP_60°C,50%SOC"
TP_60C_50SOC,60,333.15,0.5,50,7663.4,2.62464846027452,"TP_60°C,50%SOC"
TP_60C_50SOC,60,333.15,0.5,50,8300.1,2.61095743104592,"TP_60°C,50%SOC"
TP_60C_50SOC,60,333.15,0.5,50,9031.6,2.59190744215712,"TP_60°C,50%SOC"
TP_60C_50SOC,60,333.15,0.5,50,9665.8,2.57786372961529,"TP_60°C,50%SOC"
TP_60C_50SOC,60,333.15,0.5,50,10302,2.56608332647691,"TP_60°C,50%SOC"
TP_60C_50SOC,60,333.15,0.5,50,10939,2.55509551227479,"TP_60°C,50%SOC"
TP_60C_50SOC,60,333.15,0.5,50,11575,2.54236520130719,"TP_60°C,50%SOC"
TP_60C_50SOC,60,333.15,0.5,50,12211,2.53182818267944,"TP_60°C,50%SOC"
TP_60C_50SOC,60,333.15,0.5,50,12844,2.52053554799024,"TP_60°C,50%SOC"
TP_60C_50SOC,60,333.15,0.5,50,13481,2.5097973470442,"TP_60°C,50%SOC"
TP_60C_50SOC,60,333.15,0.5,50,14119,2.49884695615291,"TP_60°C,50%SOC"
TP_60C_50SOC,60,333.15,0.5,50,14695,2.48820958965576,"TP_60°C,50%SOC"
TP_60C_50SOC,60,333.15,0.5,50,15148,2.47934279917556,"TP_60°C,50%SOC"
TP_60C_50SOC,60,333.15,0.5,50,15811,2.46598990508367,"TP_60°C,50%SOC"
TP_60C_50SOC,60,333.15,0.5,50,17001,2.45152745768687,"TP_60°C,50%SOC"
TP_60C_50SOC,60,333.15,0.5,50,18239,2.43478409738422,"TP_60°C,50%SOC"
TP_60C_50SOC,60,333.15,0.5,50,19190,2.42107575990156,"TP_60°C,50%SOC"
TP_60C_50SOC,60,333.15,0.5,50,20163,2.40750571375196,"TP_60°C,50%SOC"
TP_60C_50SOC,60,333.15,0.5,50,21241,2.39128338461022,"TP_60°C,50%SOC"
TP_60C_100SOC,60,333.15,1,100,0,2.99094017096012,"TP_60°C,100%SOC"
TP_60C_100SOC,60,333.15,1,100,160.33,2.91424906428095,"TP_60°C,100%SOC"
TP_60C_100SOC,60,333.15,1,100,276.98,2.88020133303298,"TP_60°C,100%SOC"
TP_60C_100SOC,60,333.15,1,100,408.99,2.85608800359792,"TP_60°C,100%SOC"
TP_60C_100SOC,60,333.15,1,100,708.11,2.81879792092464,"TP_60°C,100%SOC"
TP_60C_100SOC,60,333.15,1,100,1009.1,2.79327440080041,"TP_60°C,100%SOC"
TP_60C_100SOC,60,333.15,1,100,1285.6,2.77074524896512,"TP_60°C,100%SOC"
TP_60C_100SOC,60,333.15,1,100,1945,2.73225565777591,"TP_60°C,100%SOC"
TP_60C_100SOC,60,333.15,1,100,2579.2,2.70149864395968,"TP_60°C,100%SOC"
TP_60C_100SOC,60,333.15,1,100,3286.7,2.67745628628755,"TP_60°C,100%SOC"
TP_60C_100SOC,60,333.15,1,100,3872.7,2.65881581314737,"TP_60°C,100%SOC"
TP_60C_100SOC,60,333.15,1,100,4483,2.64158812252667,"TP_60°C,100%SOC"
TP_60C_100SOC,60,333.15,1,100,5118.6,2.62242393901541,"TP_60°C,100%SOC"
TP_60C_100SOC,60,333.15,1,100,5753.1,2.6009243078346,"TP_60°C,100%SOC"
TP_60C_100SOC,60,333.15,1,100,6388.1,2.57914734972377,"TP_60°C,100%SOC"
TP_60C_100SOC,60,333.15,1,100,7026.7,2.56146589940827,"TP_60°C,100%SOC"
TP_60C_100SOC,60,333.15,1,100,7663.4,2.54360132537163,"TP_60°C,100%SOC"
TP_60C_100SOC,60,333.15,1,100,8300.1,2.52991580437002,"TP_60°C,100%SOC"
TP_60C_100SOC,60,333.15,1,100,9031.6,2.51153016296106,"TP_60°C,100%SOC"
TP_60C_100SOC,60,333.15,1,100,9665.8,2.49729937522747,"TP_60°C,100%SOC"
TP_60C_100SOC,60,333.15,1,100,10302,2.48464792464254,"TP_60°C,100%SOC"
TP_60C_100SOC,60,333.15,1,100,10939,2.47321183589507,"TP_60°C,100%SOC"
TP_60C_100SOC,60,333.15,1,100,11575,2.46019696783876,"TP_60°C,100%SOC"
TP_60C_100SOC,60,333.15,1,100,12211,2.44792990532979,"TP_60°C,100%SOC"
TP_60C_100SOC,60,333.15,1,100,12844,2.4358440909181,"TP_60°C,100%SOC"
TP_60C_100SOC,60,333.15,1,100,13481,2.42411618686404,"TP_60°C,100%SOC"
TP_60C_100SOC,60,333.15,1,100,14119,2.4127928559198,"TP_60°C,100%SOC"
TP_60C_100SOC,60,333.15,1,100,14695,2.4022289765101,"TP_60°C,100%SOC"
TP_60C_100SOC,60,333.15,1,100,15148,2.39435620323389,"TP_60°C,100%SOC"
TP_60C_100SOC,60,333.15,1,100,15811,2.38362733730244,"TP_60°C,100%SOC"
TP_60C_100SOC,60,333.15,1,100,17001,2.3688128715365,"TP_60°C,100%SOC"
TP_60C_100SOC,60,333.15,1,100,18239,2.35311959189484,"TP_60°C,100%SOC"
TP_60C_100SOC,60,333.15,1,100,19190,2.34114448877245,"TP_60°C,100%SOC"
TP_60C_100SOC,60,333.15,1,100,20163,2.32904149612648,"TP_60°C,100%SOC"
TP_60C_100SOC,60,333.15,1,100,21241,2.31610166722142,"TP_60°C,100%SOC"
